[
  {
    "user": "Bret",
    "title": "Jueves, 15 de Junio, 2023",
    "date": "2023-06-15",
    "text": "Verdaderamente, el día de hoy ha sido un día muy productivo. He logrado hacer muchas cosas,",
    "count": 9
  },
  {
    "user": "Bret",
    "title": "Habia una vez...",
    "date": "2023-06-28",
    "text": "Lorem ipsum dolor sit, amet consectetur adipisicing elit. Libero eos excepturi, deserunt harum exercitationem voluptate labore consectetur dicta ratione accusamus nulla at esse quod tenetur ullam iure. Sit, aliquid vero! Nihil hic reprehenderit sed doloribus! Ipsa omnis repellat similique accusantium error nihil officiis provident necessitatibus earum eius quod enim nemo architecto debitis doloribus commodi ipsam mollitia, quam eligendi consequuntur vel! Facere, repellat dolorum. Adipisci, aut ad explicabo quam odit obcaecati asperiores accusantium architecto ullam illo corrupti veritatis eveniet, sed consequuntur deserunt quod? Non nulla blanditiis consectetur ab omnis laborum repudiandae. Consequatur rerum repudiandae reiciendis quo nisi vel expedita alias, illo animi est, blanditiis cumque culpa excepturi hic illum perferendis deleniti perspiciatis nihil totam corporis optio inventore eius labore? Qui, eaque! Iure quam est repellendus voluptas aliquam, repudiandae error laborum sit odio ipsam dolore ab repellat adipisci distinctio dicta pariatur! Magnam amet suscipit eius ipsa odio maxime distinctio non tempore delectus. Eligendi laudantium veniam nihil eius. Qui corporis officiis quaerat maiores ab dolorem, excepturi omnis neque minus nobis nostrum dicta recusandae odit magni doloremque laborum quam porro cupiditate cumque tempora debitis. Natus numquam est dolorum nemo culpa nihil illum non neque, ad illo perferendis recusandae dicta suscipit molestiae hic necessitatibus inventore? Quod ratione nam non quas doloremque eos autem ullam nihil. Quos quod laudantium similique neque at odit magnam ab dicta, assumenda odio iure eligendi exercitationem velit ratione, corrupti sequi ex expedita fuga culpa facilis consectetur debitis consequatur voluptatibus beatae. Autem! Minus, quam ipsam? Aspernatur fugiat voluptatibus nobis nihil corporis, provident quos ullam, explicabo non reprehenderit ratione aliquam repudiandae adipisci veritatis consectetur, cumque a. Nemo neque suscipit voluptates praesentium officia veritatis. Cum explicabo, minus omnis iure odit suscipit error perspiciatis quasi doloremque quia sapiente et, dolor culpa enim non quidem assumenda velit adipisci beatae ratione iste, optio hic eum? Veniam, at? Sit enim laboriosam molestias numquam facere obcaecati amet optio. Eaque labore facilis deleniti provident, nemo tempora nostrum. Praesentium rem blanditiis iste voluptate officiis ad! Temporibus, quos! Optio odio eligendi vel. Voluptate iusto veniam atque deleniti laboriosam odit voluptatum incidunt quas fugit, aut delectus in facere excepturi illo veritatis maiores nam. Voluptatibus non iste excepturi libero ad facere temporibus tempora! Incidunt. Error molestias in itaque libero! Tempore, quibusdam ipsa modi unde quae molestiae magni aspernatur, sunt deserunt atque facilis eius amet! Odit, perferendis vel ab sint voluptatum adipisci dignissimos soluta possimus. Dicta reprehenderit placeat unde est sit nihil dolor id voluptas tempore? Harum architecto, iste repellat eius ex distinctio exercitationem fuga similique fugit a perspiciatis amet, ipsum, facere voluptatum eveniet sunt. Similique quia hic aliquid. In quas autem aliquam, quaerat accusantium est earum enim iure nostrum beatae, ex quasi error voluptatibus dolor illum. Quos iste nobis cumque architecto cupiditate? Illo, sint. Quae veniam earum nam ea. Ullam, est sunt! Quasi perspiciatis minus pariatur quas quos deserunt aperiam explicabo sed omnis, commodi corrupti perferendis. Voluptatum tenetur recusandae quisquam laborum sequi tempore veniam? Ut itaque minima ea, illum optio voluptas? Maxime tempore enim sed nisi, eligendi labore? Placeat unde quo ipsum, tempore a odio voluptas deleniti, earum labore architecto exercitationem obcaecati corporis facere. Odio modi non expedita hic aliquam at consequatur veritatis ipsum quisquam atque, asperiores perspiciatis! Dolores tempore iusto corporis, quae aut molestiae perspiciatis quam quia repudiandae asperiores dignissimos reiciendis. Dolores, labore! Minima, corporis. Necessitatibus est excepturi quidem quo amet aspernatur labore, nostrum odio similique rerum suscipit dolor sapiente assumenda ratione officia reprehenderit blanditiis, id libero ducimus corrupti! Fugiat velit repellendus blanditiis? Repudiandae odit veniam voluptate eum, quaerat dolorem cupiditate accusamus, consequuntur adipisci ratione aliquam maiores recusandae eaque sint accusantium. Pariatur asperiores, beatae molestiae libero delectus eaque aliquid accusamus sint quae tempore! Error sunt, eaque dolore corporis quisquam saepe accusamus repellendus sed! Eum nihil magni rem placeat repudiandae omnis at nesciunt laborum nam dignissimos? Dignissimos veritatis illo laboriosam natus doloribus libero molestias. Nemo, laudantium magnam consectetur ex quam veritatis ipsam laborum sunt dolorum beatae error voluptate et quasi, animi quibusdam qui culpa corrupti corporis excepturi! Perferendis officia quo optio, possimus laborum a! Temporibus debitis dolore accusantium, veniam unde alias dolores ducimus possimus cum molestias maiores, expedita eos delectus, facere earum quasi tenetur veritatis? Eaque iste, recusandae facere accusamus alias repellat. Harum, quae. Quae libero maxime sed consequuntur suscipit aspernatur et nostrum, non minima tempore assumenda soluta aperiam sequi itaque officia eius asperiores deserunt. Quibusdam illum, explicabo reprehenderit error ut distinctio quisquam nesciunt. Non consectetur voluptatibus beatae omnis vitae fugit hic commodi voluptatum nostrum odio iste illo inventore, deserunt laudantium quod voluptas eos delectus tempore architecto aliquid nobis. Fugit ullam quam quos modi. Nostrum aut vero numquam culpa nemo temporibus dolores delectus omnis, quas impedit labore libero, quasi perspiciatis voluptatum unde consequuntur reiciendis aliquid placeat sunt, voluptate minima.",
    "count": 775
  },
  {
    "user": "Bret",
    "title": "Sábado, 01 de Julio, 2023",
    "date": "2023-07-01",
    "text": "Aqui comienza la historia de mi vida.",
    "count": 9
  },
  {
    "user": "Bret",
    "title": "Con titulo y todo",
    "date": "2023-07-02",
    "text": "Lorem ipsum dolor sit, amet consectetur adipisicing elit. Libero eos excepturi, deserunt harum exercitationem voluptate labore consectetur dicta ratione accusamus nulla at esse quod tenetur ullam iure. Sit, aliquid vero! Nihil hic reprehenderit sed doloribus! Ipsa omnis repellat similique accusantium error nihil officiis provident necessitatibus earum eius quod enim nemo architecto debitis doloribus commodi ipsam mollitia, quam eligendi consequuntur vel! Facere, repellat dolorum. Adipisci, aut ad explicabo quam odit obcaecati asperiores accusantium architecto ullam illo corrupti veritatis eveniet, sed consequuntur deserunt quod? Non nulla blanditiis consectetur ab omnis laborum repudiandae. Consequatur rerum repudiandae reiciendis quo nisi vel expedita alias, illo animi est, blanditiis cumque culpa excepturi hic illum perferendis deleniti perspiciatis nihil totam corporis optio inventore eius labore? Qui, eaque! Iure quam est repellendus voluptas aliquam, repudiandae error laborum sit odio ipsam dolore ab repellat adipisci distinctio dicta pariatur! Magnam amet suscipit eius ipsa odio maxime distinctio non tempore delectus. Eligendi laudantium veniam nihil eius. Qui corporis officiis quaerat maiores ab dolorem, excepturi omnis neque minus nobis nostrum dicta recusandae odit magni doloremque laborum quam porro cupiditate cumque tempora debitis. Natus numquam est dolorum nemo culpa nihil illum non neque, ad illo perferendis recusandae dicta suscipit molestiae hic necessitatibus inventore? Quod ratione nam non quas doloremque eos autem ullam nihil. Quos quod laudantium similique neque at odit magnam ab dicta, assumenda odio iure eligendi exercitationem velit ratione, corrupti sequi ex expedita fuga culpa facilis consectetur debitis consequatur voluptatibus beatae. Autem! Minus, quam ipsam? Aspernatur fugiat voluptatibus nobis nihil corporis, provident quos ullam, explicabo non reprehenderit ratione aliquam repudiandae adipisci veritatis consectetur, cumque a. Nemo neque suscipit voluptates praesentium officia veritatis. Cum explicabo, minus omnis iure odit suscipit error perspiciatis quasi doloremque quia sapiente et, dolor culpa enim non quidem assumenda velit adipisci beatae ratione iste, optio hic eum? Veniam, at? Sit enim laboriosam molestias numquam facere obcaecati amet optio. Eaque labore facilis deleniti provident, nemo tempora nostrum. Praesentium rem blanditiis iste voluptate officiis ad! Temporibus, quos! Optio odio eligendi vel. Voluptate iusto veniam atque deleniti laboriosam odit voluptatum incidunt quas fugit, aut delectus in facere excepturi illo veritatis maiores nam. Voluptatibus non iste excepturi libero ad facere temporibus tempora! Incidunt. Error molestias in itaque libero! Tempore, quibusdam ipsa modi unde quae molestiae magni aspernatur, sunt deserunt atque facilis eius amet! Odit, perferendis vel ab sint voluptatum adipisci dignissimos soluta possimus. Dicta reprehenderit placeat unde est sit nihil dolor id voluptas tempore? Harum architecto, iste repellat eius ex distinctio exercitationem fuga similique fugit a perspiciatis amet, ipsum, facere voluptatum eveniet sunt. Similique quia hic aliquid. In quas autem aliquam, quaerat accusantium est earum enim iure nostrum beatae, ex quasi error voluptatibus dolor illum. Quos iste nobis cumque architecto cupiditate? Illo, sint. Quae veniam earum nam ea. Ullam, est sunt! Quasi perspiciatis minus pariatur quas quos deserunt aperiam explicabo sed omnis, commodi corrupti perferendis. Voluptatum tenetur recusandae quisquam laborum sequi tempore veniam? Ut itaque minima ea, illum optio voluptas? Maxime tempore enim sed nisi, eligendi labore? Placeat unde quo ipsum, tempore a odio voluptas deleniti, earum labore architecto exercitationem obcaecati corporis facere. Odio modi non expedita hic aliquam at consequatur veritatis ipsum quisquam atque, asperiores perspiciatis! Dolores tempore iusto corporis, quae aut molestiae perspiciatis quam quia repudiandae asperiores dignissimos reiciendis. Dolores, labore! Minima, corporis. Necessitatibus est excepturi quidem quo amet aspernatur labore, nostrum odio similique rerum suscipit dolor sapiente assumenda ratione officia reprehenderit blanditiis, id libero ducimus corrupti! Fugiat velit repellendus blanditiis? Repudiandae odit veniam voluptate eum, quaerat dolorem cupiditate accusamus, consequuntur adipisci ratione aliquam maiores recusandae eaque sint accusantium. Pariatur asperiores, beatae molestiae libero delectus eaque aliquid accusamus sint quae tempore! Error sunt, eaque dolore corporis quisquam saepe accusamus repellendus sed! Eum nihil magni rem placeat repudiandae omnis at nesciunt laborum nam dignissimos? Dignissimos veritatis illo laboriosam natus doloribus libero molestias. Nemo, laudantium magnam consectetur ex quam veritatis ipsam laborum sunt dolorum beatae error voluptate et quasi, animi quibusdam qui culpa corrupti corporis excepturi! Perferendis officia quo optio, possimus laborum a! Temporibus debitis dolore accusantium, veniam unde alias dolores ducimus possimus cum molestias maiores, expedita eos delectus, facere earum quasi tenetur veritatis? Eaque iste, recusandae facere accusamus alias repellat. Harum, quae. Quae libero maxime sed consequuntur suscipit aspernatur et nostrum, non minima tempore assumenda soluta aperiam sequi itaque officia eius asperiores deserunt. Quibusdam illum, explicabo reprehenderit error ut distinctio quisquam nesciunt. Non consectetur voluptatibus beatae omnis vitae fugit hic commodi voluptatum nostrum odio iste illo inventore, deserunt laudantium quod voluptas eos delectus tempore architecto aliquid nobis. Fugit ullam quam quos modi. Nostrum aut vero numquam culpa nemo temporibus dolores delectus omnis, quas impedit labore libero, quasi perspiciatis voluptatum unde consequuntur reiciendis aliquid placeat sunt, voluptate minima.",
    "count": 775
  },
  {
    "user": "Bret",
    "title": "Lunes, 03 de Julio, 2023",
    "date": "2023-07-03",
    "text": "Lorem ipsum dolor sit, amet consectetur adipisicing elit. Libero eos excepturi, deserunt harum exercitationem voluptate labore consectetur dicta ratione accusamus nulla at esse quod tenetur ullam iure. Sit, aliquid vero! Nihil hic reprehenderit sed doloribus! Ipsa omnis repellat similique accusantium error nihil officiis provident necessitatibus earum eius quod enim nemo architecto debitis doloribus commodi ipsam mollitia, quam eligendi consequuntur vel! Facere, repellat dolorum. Adipisci, aut ad explicabo quam odit obcaecati asperiores accusantium architecto ullam illo corrupti veritatis eveniet, sed consequuntur deserunt quod? Non nulla blanditiis consectetur ab omnis laborum repudiandae. Consequatur rerum repudiandae reiciendis quo nisi vel expedita alias, illo animi est, blanditiis cumque culpa excepturi hic illum perferendis deleniti perspiciatis nihil totam corporis optio inventore eius labore? Qui, eaque! Iure quam est repellendus voluptas aliquam, repudiandae error laborum sit odio ipsam dolore ab repellat adipisci distinctio dicta pariatur! Magnam amet suscipit eius ipsa odio maxime distinctio non tempore delectus. Eligendi laudantium veniam nihil eius. Qui corporis officiis quaerat maiores ab dolorem, excepturi omnis neque minus nobis nostrum dicta recusandae odit magni doloremque laborum quam porro cupiditate cumque tempora debitis. Natus numquam est dolorum nemo culpa nihil illum non neque, ad illo perferendis recusandae dicta suscipit molestiae hic necessitatibus inventore? Quod ratione nam non quas doloremque eos autem ullam nihil. Quos quod laudantium similique neque at odit magnam ab dicta, assumenda odio iure eligendi exercitationem velit ratione, corrupti sequi ex expedita fuga culpa facilis consectetur debitis consequatur voluptatibus beatae. Autem! Minus, quam ipsam? Aspernatur fugiat voluptatibus nobis nihil corporis, provident quos ullam, explicabo non reprehenderit ratione aliquam repudiandae adipisci veritatis consectetur, cumque a. Nemo neque suscipit voluptates praesentium officia veritatis. Cum explicabo, minus omnis iure odit suscipit error perspiciatis quasi doloremque quia sapiente et, dolor culpa enim non quidem assumenda velit adipisci beatae ratione iste, optio hic eum? Veniam, at? Sit enim laboriosam molestias numquam facere obcaecati amet optio. Eaque labore facilis deleniti provident, nemo tempora nostrum. Praesentium rem blanditiis iste voluptate officiis ad! Temporibus, quos! Optio odio eligendi vel. Voluptate iusto veniam atque deleniti laboriosam odit voluptatum incidunt quas fugit, aut delectus in facere excepturi illo veritatis maiores nam. Voluptatibus non iste excepturi libero ad facere temporibus tempora! Incidunt. Error molestias in itaque libero! Tempore, quibusdam ipsa modi unde quae molestiae magni aspernatur, sunt deserunt atque facilis eius amet! Odit, perferendis vel ab sint voluptatum adipisci dignissimos soluta possimus. Dicta reprehenderit placeat unde est sit nihil dolor id voluptas tempore? Harum architecto, iste repellat eius ex distinctio exercitationem fuga similique fugit a perspiciatis amet, ipsum, facere voluptatum eveniet sunt. Similique quia hic aliquid. In quas autem aliquam, quaerat accusantium est earum enim iure nostrum beatae, ex quasi error voluptatibus dolor illum. Quos iste nobis cumque architecto cupiditate? Illo, sint. Quae veniam earum nam ea. Ullam, est sunt! Quasi perspiciatis minus pariatur quas quos deserunt aperiam explicabo sed omnis, commodi corrupti perferendis. Voluptatum tenetur recusandae quisquam laborum sequi tempore veniam? Ut itaque minima ea, illum optio voluptas? Maxime tempore enim sed nisi, eligendi labore? Placeat unde quo ipsum, tempore a odio voluptas deleniti, earum labore architecto exercitationem obcaecati corporis facere. Odio modi non expedita hic aliquam at consequatur veritatis ipsum quisquam atque, asperiores perspiciatis! Dolores tempore iusto corporis, quae aut molestiae perspiciatis quam quia repudiandae asperiores dignissimos reiciendis. Dolores, labore! Minima, corporis. Necessitatibus est excepturi quidem quo amet aspernatur labore, nostrum odio similique rerum suscipit dolor sapiente assumenda ratione officia reprehenderit blanditiis, id libero ducimus corrupti! Fugiat velit repellendus blanditiis? Repudiandae odit veniam voluptate eum, quaerat dolorem cupiditate accusamus, consequuntur adipisci ratione aliquam maiores recusandae eaque sint accusantium. Pariatur asperiores, beatae molestiae libero delectus eaque aliquid accusamus sint quae tempore! Error sunt, eaque dolore corporis quisquam saepe accusamus repellendus sed! Eum nihil magni rem placeat repudiandae omnis at nesciunt laborum nam dignissimos? Dignissimos veritatis illo laboriosam natus doloribus libero molestias. Nemo, laudantium magnam consectetur ex quam veritatis ipsam laborum sunt dolorum beatae error voluptate et quasi, animi quibusdam qui culpa corrupti corporis excepturi! Perferendis officia quo optio, possimus laborum a! Temporibus debitis dolore accusantium, veniam unde alias dolores ducimus possimus cum molestias maiores, expedita eos delectus, facere earum quasi tenetur veritatis? Eaque iste, recusandae facere accusamus alias repellat. Harum, quae. Quae libero maxime sed consequuntur suscipit aspernatur et nostrum, non minima tempore assumenda soluta aperiam sequi itaque officia eius asperiores deserunt. Quibusdam illum, explicabo reprehenderit error ut distinctio quisquam nesciunt. Non consectetur voluptatibus beatae omnis vitae fugit hic commodi voluptatum nostrum odio iste illo inventore, deserunt laudantium quod voluptas eos delectus tempore architecto aliquid nobis. Fugit ullam quam quos modi. Nostrum aut vero numquam culpa nemo temporibus dolores delectus omnis, quas impedit labore libero, quasi perspiciatis voluptatum unde consequuntur reiciendis aliquid placeat sunt, voluptate minima.",
    "count": 775
  },
  {
    "user": "Bret",
    "title": "Martes, 04 de Julio, 2023",
    "date": "2023-07-04",
    "text": "Lorem ipsum dolor sit, amet consectetur adipisicing elit. Libero eos excepturi, deserunt harum exercitationem voluptate labore consectetur dicta ratione accusamus nulla at esse quod tenetur ullam iure. Sit, aliquid vero! Nihil hic reprehenderit sed doloribus! Ipsa omnis repellat similique accusantium error nihil officiis provident necessitatibus earum eius quod enim nemo architecto debitis doloribus commodi ipsam mollitia, quam eligendi consequuntur vel! Facere, repellat dolorum. Adipisci, aut ad explicabo quam odit obcaecati asperiores accusantium architecto ullam illo corrupti veritatis eveniet, sed consequuntur deserunt quod? Non nulla blanditiis consectetur ab omnis laborum repudiandae. Consequatur rerum repudiandae reiciendis quo nisi vel expedita alias, illo animi est, blanditiis cumque culpa excepturi hic illum perferendis deleniti perspiciatis nihil totam corporis optio inventore eius labore? Qui, eaque! Iure quam est repellendus voluptas aliquam, repudiandae error laborum sit odio ipsam dolore ab repellat adipisci distinctio dicta pariatur! Magnam amet suscipit eius ipsa odio maxime distinctio non tempore delectus. Eligendi laudantium veniam nihil eius. Qui corporis officiis quaerat maiores ab dolorem, excepturi omnis neque minus nobis nostrum dicta recusandae odit magni doloremque laborum quam porro cupiditate cumque tempora debitis. Natus numquam est dolorum nemo culpa nihil illum non neque, ad illo perferendis recusandae dicta suscipit molestiae hic necessitatibus inventore? Quod ratione nam non quas doloremque eos autem ullam nihil. Quos quod laudantium similique neque at odit magnam ab dicta, assumenda odio iure eligendi exercitationem velit ratione, corrupti sequi ex expedita fuga culpa facilis consectetur debitis consequatur voluptatibus beatae. Autem! Minus, quam ipsam? Aspernatur fugiat voluptatibus nobis nihil corporis, provident quos ullam, explicabo non reprehenderit ratione aliquam repudiandae adipisci veritatis consectetur, cumque a. Nemo neque suscipit voluptates praesentium officia veritatis. Cum explicabo, minus omnis iure odit suscipit error perspiciatis quasi doloremque quia sapiente et, dolor culpa enim non quidem assumenda velit adipisci beatae ratione iste, optio hic eum? Veniam, at? Sit enim laboriosam molestias numquam facere obcaecati amet optio. Eaque labore facilis deleniti provident, nemo tempora nostrum. Praesentium rem blanditiis iste voluptate officiis ad! Temporibus, quos! Optio odio eligendi vel. Voluptate iusto veniam atque deleniti laboriosam odit voluptatum incidunt quas fugit, aut delectus in facere excepturi illo veritatis maiores nam. Voluptatibus non iste excepturi libero ad facere temporibus tempora! Incidunt. Error molestias in itaque libero! Tempore, quibusdam ipsa modi unde quae molestiae magni aspernatur, sunt deserunt atque facilis eius amet! Odit, perferendis vel ab sint voluptatum adipisci dignissimos soluta possimus. Dicta reprehenderit placeat unde est sit nihil dolor id voluptas tempore? Harum architecto, iste repellat eius ex distinctio exercitationem fuga similique fugit a perspiciatis amet, ipsum, facere voluptatum eveniet sunt. Similique quia hic aliquid. In quas autem aliquam, quaerat accusantium est earum enim iure nostrum beatae, ex quasi error voluptatibus dolor illum. Quos iste nobis cumque architecto cupiditate? Illo, sint. Quae veniam earum nam ea. Ullam, est sunt! Quasi perspiciatis minus pariatur quas quos deserunt aperiam explicabo sed omnis, commodi corrupti perferendis. Voluptatum tenetur recusandae quisquam laborum sequi tempore veniam? Ut itaque minima ea, illum optio voluptas? Maxime tempore enim sed nisi, eligendi labore? Placeat unde quo ipsum, tempore a odio voluptas deleniti, earum labore architecto exercitationem obcaecati corporis facere. Odio modi non expedita hic aliquam at consequatur veritatis ipsum quisquam atque, asperiores perspiciatis! Dolores tempore iusto corporis, quae aut molestiae perspiciatis quam quia repudiandae asperiores dignissimos reiciendis. Dolores, labore! Minima, corporis. Necessitatibus est excepturi quidem quo amet aspernatur labore, nostrum odio similique rerum suscipit dolor sapiente assumenda ratione officia reprehenderit blanditiis, id libero ducimus corrupti! Fugiat velit repellendus blanditiis? Repudiandae odit veniam voluptate eum, quaerat dolorem cupiditate accusamus, consequuntur adipisci ratione aliquam maiores recusa",
    "count": 585
  },
  {
    "user": "Bret",
    "title": "Viernes, 07 de Julio, 2023",
    "date": "2023-07-07",
    "text": "Este fue el día en que ocurrió algo importante.",
    "count": 9
  },
  {
    "user": "Bret",
    "title": "Sábado, 08 de Julio, 2023",
    "date": "2023-07-08",
    "text": "Aqui comienza la historia de mi vida.",
    "count": 9
  },
  {
    "user": "Bret",
    "title": "Domingo, 09 de Julio, 2023",
    "date": "2023-07-09",
    "text": "Lorem ipsum dolor sit, amet consectetur adipisicing elit. Libero eos excepturi, deserunt harum exercitationem voluptate labore consectetur dicta ratione accusamus nulla at esse quod tenetur ullam iure. Sit, aliquid vero! Nihil hic reprehenderit sed doloribus! Ipsa omnis repellat similique accusantium error nihil officiis provident necessitatibus earum eius quod enim nemo architecto debitis doloribus commodi ipsam mollitia, quam eligendi consequuntur vel! Facere, repellat dolorum. Adipisci, aut ad explicabo quam odit obcaecati asperiores accusantium architecto ullam illo corrupti veritatis eveniet, sed consequuntur deserunt quod? Non nulla blanditiis consectetur ab omnis laborum repudiandae. Consequatur rerum repudiandae reiciendis quo nisi vel expedita alias, illo animi est, blanditiis cumque culpa excepturi hic illum perferendis deleniti perspiciatis nihil totam corporis optio inventore eius labore? Qui, eaque! Iure quam est repellendus voluptas aliquam, repudiandae error laborum sit odio ipsam dolore ab repellat adipisci distinctio dicta pariatur! Magnam amet suscipit eius ipsa odio maxime distinctio non tempore delectus. Eligendi laudantium veniam nihil eius. Qui corporis officiis quaerat maiores ab dolorem, excepturi omnis neque minus nobis nostrum dicta recusandae odit magni doloremque laborum quam porro cupiditate cumque tempora debitis. Natus numquam est dolorum nemo culpa nihil illum non neque, ad illo perferendis recusandae dicta suscipit molestiae hic necessitatibus inventore? Quod ratione nam non quas doloremque eos autem ullam nihil. Quos quod laudantium similique neque at odit magnam ab dicta, assumenda odio iure eligendi exercitationem velit ratione, corrupti sequi ex expedita fuga culpa facilis consectetur debitis consequatur voluptatibus beatae. Autem! Minus, quam ipsam? Aspernatur fugiat voluptatibus nobis nihil corporis, provident quos ullam, explicabo non reprehenderit ratione aliquam repudiandae adipisci veritatis consectetur, cumque a. Nemo neque suscipit voluptates praesentium officia veritatis. Cum explicabo, minus omnis iure odit suscipit error perspiciatis quasi doloremque quia sapiente et, dolor culpa enim non quidem assumenda velit adipisci beatae ratione iste, optio hic eum? Veniam, at? Sit enim laboriosam molestias numquam facere obcaecati amet optio. Eaque labore facilis deleniti provident, nemo tempora nostrum. Praesentium rem blanditiis iste voluptate officiis ad! Temporibus, quos! Optio odio eligendi vel. Voluptate iusto veniam atque deleniti laboriosam odit voluptatum incidunt quas fugit, aut delectus in facere excepturi illo veritatis maiores nam. Voluptatibus non iste excepturi libero ad facere temporibus tempora! Incidunt. Error molestias in itaque libero! Tempore, quibusdam ipsa modi unde quae molestiae magni aspernatur, sunt deserunt atque facilis eius amet! Odit, perferendis vel ab sint voluptatum adipisci dignissimos soluta possimus. Dicta reprehenderit placeat unde est sit nihil dolor id voluptas tempore? Harum architecto, iste repellat eius ex distinctio exercitationem fuga similique fugit a perspiciatis amet, ipsum, facere voluptatum eveniet sunt. Similique quia hic aliquid. In quas autem aliquam, quaerat accusantium est earum enim iure nostrum beatae, ex quasi error voluptatibus dolor illum. Quos iste nobis cumque architecto cupiditate? Illo, sint. Quae veniam earum nam ea. Ullam, est sunt! Quasi perspiciatis minus pariatur quas quos deserunt aperiam explicabo sed omnis, commodi corrupti perferendis. Voluptatum tenetur recusandae quisquam laborum sequi tempore veniam? Ut itaque minima ea, illum optio voluptas? Maxime tempore enim sed nisi, eligendi labore? Placeat unde quo ipsum, tempore a odio voluptas deleniti, earum labore architecto exercitationem obcaecati corporis facere. Odio modi non expedita hic aliquam at consequatur veritatis ipsum quisquam atque, asperiores perspiciatis! Dolores tempore iusto corporis, quae aut molestiae perspiciatis quam quia repudiandae asperiores dignissimos reiciendis. Dolores, labore! Minima, corporis. Necessitatibus est excepturi quidem quo amet aspernatur labore, nostrum odio similique rerum suscipit dolor sapiente assumenda ratione officia reprehenderit blanditiis, id libero ducimus corrupti! Fugiat velit repellendus blanditiis? Repudiandae odit veniam voluptate eum, quaerat dolorem cupiditate accusamus, consequuntur adipisci ratione aliquam maiores recusandae eaque sint accusantium. Pariatur asperiores, beatae molestiae libero delectus eaque aliquid accusamus sint quae tempore! Error sunt, eaque dolore corporis quisquam saepe accusamus repellendus sed! Eum nihil magni rem placeat repudiandae omnis at nesciunt laborum nam dignissimos? Dignissimos veritatis illo laboriosam natus doloribus libero molestias. Nemo, laudantium magnam consectetur ex quam veritatis ipsam laborum sunt dolorum beatae error voluptate et quasi, animi quibusdam qui culpa corrupti corporis excepturi! Perferendis officia quo optio, possimus laborum a! Temporibus debitis dolore accusantium, veniam unde alias dolores ducimus possimus cum molestias maiores, expedita eos delectus, facere earum quasi tenetur veritatis? Eaque iste, recusandae facere accusamus alias repellat. Harum, quae. Quae libero maxime sed consequuntur suscipit aspernatur et nostrum, non minima tempore assumenda soluta aperiam sequi itaque officia eius asperiores deserunt. Quibusdam illum, explicabo reprehenderit error ut distinctio quisquam nesciunt. Non consectetur voluptatibus beatae omnis vitae fugit hic commodi voluptatum nostrum odio iste illo inventore, deserunt laudantium quod voluptas eos delectus tempore architecto aliquid nobis. Fugit ullam quam quos modi. Nostrum aut vero numquam culpa nemo temporibus dolores delectus omnis, quas impedit labore libero, quasi perspiciatis voluptatum unde consequuntur reiciendis aliquid placeat sunt, voluptate minima.",
    "count": 775
  },
  {
    "user": "Bret",
    "title": "Lunes, 10 de Julio, 2023",
    "date": "2023-07-10",
    "text": "Lorem ipsum dolor sit, amet consectetur adipisicing elit. Libero eos excepturi, deserunt harum exercitationem voluptate labore consectetur dicta ratione accusamus nulla at esse quod tenetur ullam iure. Sit, aliquid vero! Nihil hic reprehenderit sed doloribus! Ipsa omnis repellat similique accusantium error nihil officiis provident necessitatibus earum eius quod enim nemo architecto debitis doloribus commodi ipsam mollitia, quam eligendi consequuntur vel! Facere, repellat dolorum. Adipisci, aut ad explicabo quam odit obcaecati asperiores accusantium architecto ullam illo corrupti veritatis eveniet, sed consequuntur deserunt quod? Non nulla blanditiis consectetur ab omnis laborum repudiandae. Consequatur rerum repudiandae reiciendis quo nisi vel expedita alias, illo animi est, blanditiis cumque culpa excepturi hic illum perferendis deleniti perspiciatis nihil totam corporis optio inventore eius labore? Qui, eaque! Iure quam est repellendus voluptas aliquam, repudiandae error laborum sit odio ipsam dolore ab repellat adipisci distinctio dicta pariatur! Magnam amet suscipit eius ipsa odio maxime distinctio non tempore delectus. Eligendi laudantium veniam nihil eius. Qui corporis officiis quaerat maiores ab dolorem, excepturi omnis neque minus nobis nostrum dicta recusandae odit magni doloremque laborum quam porro cupiditate cumque tempora debitis. Natus numquam est dolorum nemo culpa nihil illum non neque, ad illo perferendis recusandae dicta suscipit molestiae hic necessitatibus inventore? Quod ratione nam non quas doloremque eos autem ullam nihil. Quos quod laudantium similique neque at odit magnam ab dicta, assumenda odio iure eligendi exercitationem velit ratione, corrupti sequi ex expedita fuga culpa facilis consectetur debitis consequatur voluptatibus beatae. Autem! Minus, quam ipsam? Aspernatur fugiat voluptatibus nobis nihil corporis, provident quos ullam, explicabo non reprehenderit ratione aliquam repudiandae adipisci veritatis consectetur, cumque a. Nemo neque suscipit voluptates praesentium officia veritatis. Cum explicabo, minus omnis iure odit suscipit error perspiciatis quasi doloremque quia sapiente et, dolor culpa enim non quidem assumenda velit adipisci beatae ratione iste, optio hic eum? Veniam, at? Sit enim laboriosam molestias numquam facere obcaecati amet optio. Eaque labore facilis deleniti provident, nemo tempora nostrum. Praesentium rem blanditiis iste voluptate officiis ad! Temporibus, quos! Optio odio eligendi vel. Voluptate iusto veniam atque deleniti laboriosam odit voluptatum incidunt quas fugit, aut delectus in facere excepturi illo veritatis maiores nam. Voluptatibus non iste excepturi libero ad facere temporibus tempora! Incidunt. Error molestias in itaque libero! Tempore, quibusdam ipsa modi unde quae molestiae magni aspernatur, sunt deserunt atque facilis eius amet! Odit, perferendis vel ab sint voluptatum adipisci dignissimos soluta possimus. Dicta reprehenderit placeat unde est sit nihil dolor id voluptas tempore? Harum architecto, iste repellat eius ex distinctio exercitationem fuga similique fugit a perspiciatis amet, ipsum, facere voluptatum eveniet sunt. Similique quia hic aliquid. In quas autem aliquam, quaerat accusantium est earum enim iure nostrum beatae, ex quasi error voluptatibus dolor illum. Quos iste nobis cumque architecto cupiditate? Illo, sint. Quae veniam earum nam ea. Ullam, est sunt! Quasi perspiciatis minus pariatur quas quos deserunt aperiam explicabo sed omnis, commodi corrupti perferendis. Voluptatum tenetur recusandae quisquam laborum sequi tempore veniam? Ut itaque minima ea, illum optio voluptas? Maxime tempore enim sed nisi, eligendi labore? Placeat unde quo ipsum, tempore a odio voluptas deleniti, earum labore architecto exercitationem obcaecati corporis facere. Odio modi non expedita hic aliquam at consequatur veritatis ipsum quisquam atque, asperiores perspiciatis! Dolores tempore iusto corporis, quae aut molestiae perspiciatis quam quia repudiandae asperiores dignissimos reiciendis. Dolores, labore! Minima, corporis. Necessitatibus est excepturi quidem quo amet aspernatur labore, nostrum odio similique rerum suscipit dolor sapiente assumenda ratione officia reprehenderit blanditiis, id libero ducimus corrupti! Fugiat velit repellendus blanditiis? Repudiandae odit veniam voluptate eum, quaerat dolorem cupiditate accusamus, consequuntur adipisci ratione aliquam maiores recusandae eaque sint accusantium. Pariatur asperiores, beatae molestiae libero delectus eaque aliquid accusamus sint quae tempore! Error sunt, eaque dolore corporis quisquam saepe accusamus repellendus sed! Eum nihil magni rem placeat repudiandae omnis at nesciunt laborum nam dignissimos? Dignissimos veritatis illo laboriosam natus doloribus libero molestias. Nemo, laudantium magnam consectetur ex quam veritatis ipsam laborum sunt dolorum beatae error voluptate et quasi, animi quibusdam qui culpa corrupti corporis excepturi! Perferendis officia quo optio, possimus laborum a! Temporibus debitis dolore accusantium, veniam unde alias dolores ducimus possimus cum molestias maiores, expedita eos delectus, facere earum quasi tenetur veritatis? Eaque iste, recusandae facere accusamus alias repellat. Harum, quae. Quae libero maxime sed consequuntur suscipit aspernatur et nostrum, non minima tempore assumenda soluta aperiam sequi itaque officia eius asperiores deserunt. Quibusdam illum, explicabo reprehenderit error ut distinctio quisquam nesciunt. Non consectetur voluptatibus beatae omnis vitae fugit hic commodi voluptatum nostrum odio iste illo inventore, deserunt laudantium quod voluptas eos delectus tempore architecto aliquid nobis. Fugit ullam quam quos modi. Nostrum aut vero numquam culpa nemo temporibus dolores delectus omnis, quas impedit labore libero, quasi perspiciatis voluptatum unde consequuntur reiciendis aliquid placeat sunt, voluptate minima.",
    "count": 775
  },
  {
    "user": "Bret",
    "title": "Martes, 11 de Julio, 2023",
    "date": "2023-07-11",
    "text": "Este fue el día en que ocurrió algo importante.",
    "count": 9
  },
  {
    "user": "Bret",
    "title": "Viernes, 14 de Julio, 2023",
    "date": "2023-07-14",
    "text": "Este fue el día en que ayer ocurrió algo importante.",
    "count": 9
  }
]
